Model,Accuracy,F1 (Weighted),F1 (Macro),Avg Prompt Tokens,Avg Completion Tokens,Status
llama3:8b,0.439,0.34123460918520254,0.3084565312957307,142.7455,3.0145,Success
mistral:7b,0.411,0.3479933279936016,0.3171568514949108,158.4375,4.7855,Success
gemma:7b,0.419,0.3694646015704344,0.3576609394392204,159.163,2.834,Success
phi3:mini,0.308,0.2687726906250156,0.2584764082390459,161.2035,28.6175,Success
qwen2:7b,0.427,0.3805490259470879,0.3717240688963516,154.279,3.281,Success
